Workbook

Sheet Factura
A1: FACTURA DE SERVICIOS
A3: Cliente | B3: TransNubet
A5: Servicios | B5: Cantidad | C5: Precio Unitario | D5: Total Línea
A6: 4 Fotos Pasaporte | B6: 300 | C6: =IFERROR(VLOOKUP(A6,Datos!$A$2:$B$36,2,FALSE),0) -> 500 | D6: =B6*C6 -> 150000
A7: Fotografía 8.5x11 | B7: 12 | C7: =IFERROR(VLOOKUP(A7,Datos!$A$2:$B$36,2,FALSE),0) -> 1000 | D7: =B7*C7 -> 12000
A8: Impresión de Documentos a color (Doble Cara) | C8: =IFERROR(VLOOKUP(A8,Datos!$A$2:$B$36,2,FALSE),0) -> 65 | D8: =B8*C8 -> 0
C9: =IFERROR(VLOOKUP(A9,Datos!$A$2:$B$36,2,FALSE),0) -> 0 | D9: =B9*C9 -> 0
C10: =IFERROR(VLOOKUP(A10,Datos!$A$2:$B$36,2,FALSE),0) -> 0 | D10: =B10*C10 -> 0
C11: =IFERROR(VLOOKUP(A11,Datos!$A$2:$B$36,2,FALSE),0) -> 0 | D11: =B11*C11 -> 0
C12: =IFERROR(VLOOKUP(A12,Datos!$A$2:$B$36,2,FALSE),0) -> 0 | D12: =B12*C12 -> 0
C13: =IFERROR(VLOOKUP(A13,Datos!$A$2:$B$36,2,FALSE),0) -> 0 | D13: =B13*C13 -> 0
C14: =IFERROR(VLOOKUP(A14,Datos!$A$2:$B$36,2,FALSE),0) -> 0 | D14: =B14*C14 -> 0
C15: =IFERROR(VLOOKUP(A15,Datos!$A$2:$B$36,2,FALSE),0) -> 0 | D15: =B15*C15 -> 0
C16: =IFERROR(VLOOKUP(A16,Datos!$A$2:$B$36,2,FALSE),0) -> 0 | D16: =B16*C16 -> 0
A17: TOTAL | B17: =SUM(B6:B16) -> 312 | C17: =SUM(C6:C16) -> 1565 | D17: =SUM(D6:D16) -> 162000

Sheet Datos
A1: Servicios | B1: Precio | D1: Clientes
A2: Credencial (x unidad) | B2: 200 | D2: UEB El Balkan
A3: Credencial (x unidad) con colgante | B3: 280 | D3: UPR Dirección Municipal de Salud Pública Nuevitas
A4: Diploma en Cartulina. Forrado Vinilo | B4: 300 | D4: Asociación Cubana de técnico Apicolas y Forestales
A5: Diseño de Diploma, Tarjetas y Otros | B5: 500 | D5: UEB Centro Histórico
A6: Encuadernado | B6: 600 | D6: TCP Eliecer Rodriguez Martínez
A7: Fotografía 5x7 | B7: 75 | D7: CCS Omelio López
A8: Fotografía 1x1 - 3 En Adelante | B8: 50 | D8: UEB Camalote 1
A9: 4 Fotos Pasaporte | B9: 500 | D9: Empresa Municipal Comercio y Gastronomía
A10: Fotografía 8.5x11 | B10: 1000 | D10: UEB Sucursal Islazul Camagüey
A11: Fotocopia / Scaner | B11: 45 | D11: Empresa Provincial Transporte Camaguey
A12: Fotocopia / Scaner D/C | B12: 75 | D12: CUBIZA
A13: Grabar Tazón | B13: 2300 | D13: Empresa Constructora Militar Campaña Las Villas
... A36: Trámites de Embajadas | B36: 1000 | D36: UPR Dirección Municipal de Deportes
D37: Universidad de Ciencias Médicas de Camagüey
D38: CETA SRL
D39: MPM León SRL
D40: UEB Acueducto y Alcantarillado
D41: Central Termoeléctrica 10 de Octubre
D42: CARACOL
D43: Unidad Empresarial de Apoyo a la Cultura
D44: Empresa Mtto Cemento Nuevitas
D45: UEB Pastelillo Tarafa
D46: UPR Poder Popular Municipal
D47: DINVAI Construcciones
D48: UEB Parque Camilo Cienfuegos
... D114: TransNubet
